test_f1_samples,test_recall_samples,test_precision_samples,train_f1_samples,train_recall_samples,train_precision_samples,test_neg_log_loss,test_roc_auc_ovo,train_neg_log_loss,train_roc_auc_ovo
0.778273254100776,0.7783943947876764,0.787676390662345,0.8366752672318467,0.837015194331818,0.8451775402383586,-7.269239494421869,0.8777282964064715,-0.5261747662232483,0.9786765465902952
0.7805885626370748,0.7807947887001212,0.7899603915021768,0.837563147048808,0.8376645450896549,0.846283963662874,-7.160284731786117,0.8790456082265963,-0.5243720261940741,0.9787888131767915
0.7846499426135433,0.7854074438432529,0.7943761272339729,0.837974175693711,0.8390402266381731,0.845750124863878,-7.25237632734526,0.8811924671491814,-0.5236466233247175,0.9785999786337533
0.7843116048897192,0.7837970701012683,0.7939894471208992,0.8370533630477125,0.8372292511157516,0.8456332145928018,-7.052777635599255,0.880868107738622,-0.5242595188884129,0.9787909718200838
0.7802509171907757,0.7793992400419287,0.7905856918238994,0.836110565110565,0.8363636363636363,0.8448484848484847,-7.24592917842386,0.8784733921084156,-0.5354117502222682,0.9780896318396319
