fit_time,score_time,test_f1_samples,train_f1_samples,test_precision_samples,train_precision_samples,test_recall_samples,train_recall_samples
2232.7440218925476,14.821990013122559,0.7749800065552277,0.9619124330412689,0.7763880694854146,0.9599557319293281,0.7878892166502786,0.9673490236140034
2209.49755692482,20.610931873321533,0.7744437022775792,0.9809675516224188,0.7762497871727371,0.9800655522779416,0.786360719290663,0.9834087184529662
