test_f1_samples,test_recall_samples,test_precision_samples,train_f1_samples,train_recall_samples,train_precision_samples,test_neg_log_loss,test_roc_auc_ovo,train_neg_log_loss,train_roc_auc_ovo
0.772651671414072,0.7712405461153128,0.7830763186327473,0.8284184906300646,0.8272494573452922,0.8385755825859031,-7.3836245691025715,0.8742808733354848,-0.5479506524098056,0.976970572805442
0.7757078791449802,0.7748207797309241,0.7859013388326951,0.8302304245611448,0.8300280965604239,0.8393253548931429,-7.339316001063003,0.8760144708968729,-0.5415724813694663,0.9775186071938584
0.7798786686342023,0.7805213969503197,0.789358911296934,0.8322754701841436,0.8327192486879059,0.8407883209288234,-7.221686190687829,0.8788349378118193,-0.5393237622340384,0.9776032120330959
0.7833775767705569,0.7822075836528694,0.7934978533739717,0.8302704125502307,0.8297035581214429,0.8397248495270851,-7.1405336518442715,0.8800827282048401,-0.542647155878775,0.9772161974563399
0.777250393081761,0.7758942610062893,0.7879323899371069,0.8287540657540656,0.8289987714987715,0.8378337428337429,-7.329047818647523,0.8766603609800839,-0.5501486251354446,0.9769372781872783
