test_f1_samples,test_recall_samples,test_precision_samples,train_f1_samples,train_recall_samples,train_precision_samples,test_neg_log_loss,test_roc_auc_ovo,train_neg_log_loss,train_roc_auc_ovo
0.8044920276331728,0.8111514913400778,0.8091215663163408,0.8894798120747255,0.8995822582626858,0.8875865175902035,-5.99943007889678,0.8948899911600039,-0.35300036455450634,0.9879858295449893
0.8130217028380634,0.8169007168810763,0.8199777406789094,0.890403052824108,0.9006463028039221,0.888602871910812,-6.043976337671163,0.898321724349172,-0.3559258274496965,0.9879563740731508
0.8017215937038858,0.8105591080505001,0.8057140514838498,0.8900920659094126,0.9005060057478322,0.8879930076228375,-6.094285847612392,0.8941471669828778,-0.3491025349959042,0.9881620563530857
0.8120178284665552,0.8180939271785795,0.8175367875987284,0.888596112563684,0.8988330671907628,0.8867849977480243,-5.873767412040543,0.8986810656816063,-0.35442448912227587,0.9880801274364719
0.8045335429769391,0.8106819968553459,0.8101578878406708,0.8888987948987949,0.8989844389844391,0.8871908271908271,-6.052900403838656,0.8946894771076669,-0.354147736389619,0.9879364104364103
