val_f1_samples,val_recall_samples,val_precision_samples,train_f1_samples,train_recall_samples,train_precision_samples,val_neg_log_loss,val_roc_auc_ovo,train_neg_log_loss,train_roc_auc_ovo
0.8266975947048045,0.8696097551366152,0.8103796071942163,0.8523637494068945,0.8945565208854857,0.835897020566436,-5.226217310551228,0.9158364781998137,-0.5278650949803669,0.9729021604224077
0.8430277219000486,0.8815078850723698,0.8290274750093285,0.8508796103168282,0.8893509915543363,0.8362258993796026,-4.752206345796575,0.923499297203121,-0.5363789265940799,0.973916774233118
0.8514292444100475,0.8913653672515998,0.8357142857142857,0.851874120156117,0.8918343462953128,0.8361571229069902,-4.335883502197393,0.928873393957748,-0.5318015266961773,0.9732052121413071
