fit_time,score_time,test_f1_samples,train_f1_samples,test_precision_samples,train_precision_samples,test_recall_samples,train_recall_samples
33199.41348695755,14.755883932113647,0.7710953785644052,0.8566640659642899,0.7707374631268437,0.8543737639647427,0.7872173058013766,0.8716356921142587
33832.12630486488,14.264538288116455,0.7826738962450722,0.8634480498197311,0.7825953138710987,0.8612323828253031,0.7986719578798476,0.8782890855457227
