val_f1_samples,val_recall_samples,val_precision_samples,train_f1_samples,train_recall_samples,train_precision_samples,val_neg_log_loss,val_roc_auc_ovo,train_neg_log_loss,train_roc_auc_ovo
0.8016133585042041,0.8415775269389122,0.7932756610317038,0.8141845384445884,0.852891081333137,0.8062322214508932,-6.464601882313344,0.8958846924503504,-0.6956643472852148,0.9594403190029756
0.8170291938924473,0.8559182230601544,0.8061001646873326,0.8675403373660164,0.9047896449675052,0.8560537907166524,-5.815497779922247,0.9067277370501609,-0.5335158599787831,0.9706879079390363
0.8608610797987787,0.89120833824049,0.8533248790035387,0.8651089390733575,0.8966680435081922,0.8570448976781957,-4.3926558515981515,0.92935990348324,-0.5199780321284122,0.9710010949168322
