fit_time,score_time,test_f1_samples,train_f1_samples,test_precision_samples,train_precision_samples,test_recall_samples,train_recall_samples
10730.384278059006,32.98641586303711,0.7920275319567356,0.8835641222816579,0.7953261225827597,0.8817171558419447,0.8014093739757457,0.895138370463505
10779.08241200447,16.28484296798706,0.7948594030358991,0.8825838835042376,0.7984362107579268,0.8803965912815471,0.804303694681283,0.8946935431006227
