fit_time,score_time,test_f1_samples,train_f1_samples,test_precision_samples,train_precision_samples,test_recall_samples,train_recall_samples
41.61202788352966,0.511437177658081,0.7486274895178199,0.9880008190008189,0.746105214884696,0.9866134316134315,0.7682619234800837,0.990958230958231
41.44222831726074,0.5683667659759521,0.7446814086814086,0.9877185654734117,0.7422686322686323,0.9864909134091708,0.7643570843570844,0.9904793494017347
41.62677025794983,0.4668710231781006,0.7510925470925471,0.9871452789857742,0.7490745290745291,0.9857046919404109,0.7695331695331695,0.990295078744994
41.6293249130249,0.41906094551086426,0.747040131040131,0.9878692579215909,0.7453644553644554,0.9864581541813058,0.7661261261261262,0.9909215989779121
41.57319903373718,0.4160430431365967,0.7454348894348893,0.9872550223991221,0.7428746928746929,0.9858562033692865,0.7652907452907453,0.9903319328763421
