test_f1_samples,test_recall_samples,test_precision_samples,train_f1_samples,train_recall_samples,train_precision_samples,test_neg_log_loss,test_roc_auc_ovo,train_neg_log_loss,train_roc_auc_ovo
0.8209069597935503,0.8247936489175187,0.827546638299549,0.8674612757781659,0.8741103421194719,0.8694963922839051,-5.929414668790084,0.9023088033747866,-0.4285414981889788,0.9837101158629652
0.8207604234175848,0.8262141833107485,0.8259539661030263,0.8674061713881198,0.874320364962786,0.8694068371530543,-5.846101041696643,0.9027475009328542,-0.43414124962297196,0.9835572564866432
0.8198661327680289,0.8237054920896635,0.8260658344129078,0.8646729158412643,0.8698688066717806,0.8680543262327648,-5.969062374777216,0.9016688188053458,-0.43653675116702256,0.9832649946940089
