test_f1_samples,test_recall_samples,test_precision_samples,train_f1_samples,train_recall_samples,train_precision_samples,test_neg_log_loss,test_roc_auc_ovo,train_neg_log_loss,train_roc_auc_ovo
0.8018302065939823,0.8068297154830893,0.8078283076318633,0.8937064925491023,0.9045378220092559,0.8908690666339025,-6.125232974961781,0.8929240859490836,-0.344956343923342,0.9885091281055159
0.8073652165373661,0.8103374905888899,0.8152312677992734,0.8944301874781319,0.9054300903513298,0.8915784041481336,-6.190100614852086,0.8950865822121836,-0.3471693955004926,0.9884246500802173
0.8026102639777013,0.8087391375635349,0.8082472536481389,0.8943773240179617,0.9058690116512326,0.8909672242555247,-6.192675654783484,0.8935832572084417,-0.3427595337349389,0.9884740211003383
0.809051879526759,0.8132599220004587,0.8158981417756366,0.8933394165920882,0.9045244236989722,0.8902960324284486,-6.045069918440309,0.8964460698250395,-0.34760784576091164,0.9883561650512885
0.8041273584905659,0.8079959381551364,0.8113535115303983,0.8941330291330291,0.9053439803439803,0.8910401310401309,-6.139314183017965,0.8937752110474692,-0.3457933241768514,0.9884936722436721
