test_f1_samples,test_recall_samples,test_precision_samples,train_f1_samples,train_recall_samples,train_precision_samples,test_neg_log_loss,test_roc_auc_ovo,train_neg_log_loss,train_roc_auc_ovo
0.8083259666699408,0.8094326032151392,0.8168320073339226,0.8370807224474751,0.837596756358275,0.8457713887865014,-6.288238686304526,0.8946327425970879,-0.5116313418931655,0.9781648032108777
0.8145733084552685,0.815705915087237,0.8232675373989328,0.8381654502412375,0.8394072690634753,0.8461406138647924,-6.2721499478088125,0.8978640287500643,-0.5099949584181406,0.9784989832891191
0.8129299885227086,0.8147237252008526,0.8210854238399736,0.8386832387642978,0.840264302031392,0.8463355522258521,-6.327059250469549,0.8972360808563464,-0.5059938452286978,0.9782565786010801
0.8110084226395307,0.8124733720053748,0.8192901386294367,0.8374163698153382,0.8380379150800473,0.8458911681611596,-6.252623426672007,0.8962178298711088,-0.509526060615435,0.9781941982869387
0.8103380503144654,0.8124508647798742,0.8182979559748428,0.838190827190827,0.8401392301392303,0.8458435708435708,-6.3060187566214685,0.8959318962451331,-0.5090182340284619,0.978429760929761
