test_f1_samples,test_recall_samples,test_precision_samples,train_f1_samples,train_recall_samples,train_precision_samples
0.7685197917689813,0.7769865435615362,0.7721409160855188,0.9234408111444603,0.9286255477740919,0.9237129868534218
0.772346066974369,0.7805656486300697,0.7768830403613867,0.9227118739270707,0.928232947517591,0.9228552822352739
0.7762813575996065,0.784915559927857,0.7806525659944253,0.924058198848796,0.9297200592796379,0.9238453161717144
0.7747025857831088,0.7842067315570412,0.7779307180545998,0.9231820122718046,0.9285284363100357,0.9234287352086148
0.7706695492662473,0.7802181603773585,0.7740926362683438,0.9245190125190126,0.9296478296478298,0.9247809172809174
