fit_time,score_time,test_f1_samples,train_f1_samples,test_precision_samples,train_precision_samples,test_recall_samples,train_recall_samples
750.9856822490692,71.62558269500732,0.7596698113207547,0.7701474201474201,0.7745676100628931,0.7859582309582309,0.7527597615303983,0.7626576576576576
740.024334192276,74.85481691360474,0.7582637182637182,0.77112110267561,0.774004914004914,0.786602294783912,0.750974610974611,0.7638612482903779
740.2011218070984,74.71892809867859,0.758968058968059,0.7700154787351662,0.7743488943488943,0.7857669344733544,0.7514823914823915,0.7625508791757779
741.3216078281403,73.53381085395813,0.7595413595413595,0.7698271131749425,0.7757739557739558,0.7853492543180757,0.7518099918099918,0.762391177939936
738.7854557037354,75.2544572353363,0.7639967239967239,0.7703144066894343,0.7791154791154791,0.7860740522345888,0.7568222768222768,0.7628989459718435
