fit_time,score_time,test_f1_samples,train_f1_samples,test_precision_samples,train_precision_samples,test_recall_samples,train_recall_samples
5.391529083251953,0.4803450107574463,0.7294450995807128,0.8830712530712531,0.7273732311320755,0.8833210483210484,0.7470928328092244,0.8918018018018019
4.673650026321411,0.84700608253479,0.772891072891073,0.877889861135973,0.7365274365274365,0.84341908061227,0.8582145782145782,0.9543356838079325
5.247684955596924,0.46823692321777344,0.6365307125307125,0.7869421717730113,0.6407616707616708,0.7928101684643293,0.6406224406224406,0.7860290082962744
5.3072240352630615,0.42537593841552734,0.6712465192465191,0.7981023047286775,0.6572235872235872,0.78065035257119,0.7103685503685503,0.8375162772413455
5.1094207763671875,0.45061612129211426,0.7638394758394759,0.8672708404262912,0.7644226044226043,0.865584793166425,0.7786895986895987,0.8810942401087606
