fit_time,score_time,test_f1_samples,train_f1_samples,test_precision_samples,train_precision_samples,test_recall_samples,train_recall_samples
4114.734858036041,103.49120688438416,0.6718138315306457,0.9999672573441776,0.683756145526057,0.9999607088130132,0.6679351032448377,0.9999803544065066
4099.396421909332,87.30463719367981,0.6704412400298614,0.999882005899705,0.6820360693096539,0.999882005899705,0.6670464814742053,0.999882005899705
