test_f1_samples,test_recall_samples,test_precision_samples,train_f1_samples,train_recall_samples,train_precision_samples,test_neg_log_loss,test_roc_auc_ovo,train_neg_log_loss,train_roc_auc_ovo
0.6583038522012579,0.6760760613207547,0.6596403301886793,0.6625020475020476,0.6813144963144965,0.6637469287469288,-10.525879858279561,0.817638140161725,-1.8647878068042587,0.9099601224601224
0.6607043407043407,0.6798198198198199,0.6616216216216216,0.6617093765099956,0.6796249887390153,0.6631655241885949,-10.42284513241385,0.8194606294606295,-1.8598324687282033,0.9147128955920508
0.6624733824733824,0.6835544635544635,0.6620638820638821,0.6628190953539225,0.6840474845007903,0.6623793027198349,-10.712513929241648,0.8203907803907804,-1.8599595401295141,0.9144614733930722
0.6523341523341524,0.6672399672399671,0.6555773955773956,0.6569429088556383,0.6719142854802913,0.6598977912090612,-10.715863039320995,0.8135995085995086,-1.8635998681132053,0.9099131665966634
0.6852579852579852,0.7244389844389844,0.6756265356265356,0.6832403790242664,0.7223389269714913,0.6737795140168547,-8.080311234591571,0.8421820521820522,-1.8584301299820023,0.9103112740882698
