test_f1_samples,test_recall_samples,test_precision_samples,train_f1_samples,train_recall_samples,train_precision_samples,test_neg_log_loss,test_roc_auc_ovo,train_neg_log_loss,train_roc_auc_ovo
0.7927937661657336,0.7972857937989064,0.79947942245359,0.9321963035121898,0.9423925953229307,0.9281197526313633,-6.1292485942757295,0.8883523697269892,-0.2622050322000627,0.9928737686662493
0.8037742642967037,0.8069167566859797,0.811826901044224,0.9344614084790528,0.9450683573751423,0.9301087820182012,-6.143593385465934,0.8935007224926699,-0.26156755587403807,0.9932420321891484
0.7978258730939499,0.8027791441219873,0.8046565010657486,0.9353188736868823,0.9465296029738074,0.9306411862477789,-6.166313605519364,0.8911203241749233,-0.25690783153026825,0.9933656926699348
0.8048700553862287,0.8095238095238094,0.8113590928456724,0.9333942829066277,0.9441223436924211,0.9289808786799328,-5.999526267462182,0.8947649947797426,-0.2611966432731876,0.9931256251425764
0.8011988993710691,0.8064891247379455,0.8077011268343814,0.9344694044694045,0.9448935298935298,0.9301863226863227,-6.031210148468088,0.8930545611522912,-0.25932035803021874,0.9933020358020358
