val_f1_samples,val_recall_samples,val_precision_samples,train_f1_samples,train_recall_samples,train_precision_samples,val_neg_log_loss,val_roc_auc_ovo,train_neg_log_loss,train_roc_auc_ovo
0.8281110257470992,0.8399424777889408,0.8336485235309182,0.8468266823737298,0.8586241594266921,0.8517302311883375,-6.727365986082869,0.9073734806847508,-2.7604835657820606,0.9170414741265868
0.84245370097606,0.8635872660500009,0.8423083721204265,0.8510908572496042,0.8694191271175609,0.8524810980345888,-5.894760894991598,0.9187338504010572,-2.652109204993868,0.9375025633354542
0.8544027008989911,0.8700241432104582,0.8570250853845248,0.850286186345666,0.8663381916170022,0.8531991896304164,-5.650213317404036,0.9235205623881868,-2.7753974162358386,0.9344819540097467
