fit_time,score_time,test_f1_samples,train_f1_samples,test_precision_samples,train_precision_samples,test_recall_samples,train_recall_samples
186.14182829856873,0.6886289119720459,0.7416788334830787,0.9836942786942787,0.7370725235849057,0.9813615888615888,0.7657396488469601,0.9885667485667485
186.9875729084015,0.6511311531066895,0.739066339066339,0.9825376935865623,0.7337755937755938,0.9800946741685297,0.7642424242424242,0.9877521436819734
187.91881823539734,0.6211268901824951,0.7473087633087633,0.982472760117044,0.7423095823095823,0.9799370203844294,0.7714496314496314,0.9878135672342203
188.8959379196167,0.5251338481903076,0.7423882063882065,0.9840167727246669,0.7383538083538084,0.9814255178005454,0.765978705978706,0.9894638133379198
188.60144901275635,0.526813268661499,0.7405176085176085,0.9828328776290743,0.7350941850941851,0.9801929518521248,0.7657330057330057,0.9883909486253409
