val_f1_samples,val_recall_samples,val_precision_samples,train_f1_samples,train_recall_samples,train_precision_samples,val_neg_log_loss,val_roc_auc_ovo,train_neg_log_loss,train_roc_auc_ovo
0.8204784981187084,0.8636703898508756,0.8062279613104033,0.8355157503044413,0.8794531978599126,0.8207581462860508,-5.436140234977012,0.9099681714184403,-0.5745061492201288,0.9700738956555478
0.8295777888130448,0.8888921620613132,0.806358277712782,0.842952653438451,0.9002251521497605,0.8204217775361922,-4.4752592847929,0.9213069146235057,-0.5520014073389539,0.9728498297430249
0.8473741104026111,0.8835237310093039,0.8350478938483886,0.8552648031538099,0.8930636690859739,0.8422906709152063,-4.6806061711848015,0.9249814930094048,-0.5255391043298215,0.9741903680100706
