fit_time,score_time,test_f1_samples,train_f1_samples,test_precision_samples,train_precision_samples,test_recall_samples,train_recall_samples
762.840528011322,69.40097999572754,0.7638954402515723,0.7771744471744472,0.7788915094339622,0.793083538083538,0.7568379848008385,0.7696601146601146
760.042013168335,70.68827080726624,0.7605733005733005,0.7788522804517497,0.7767076167076167,0.7944522247610624,0.7530712530712531,0.7715187178038214
768.6485431194305,70.24277782440186,0.763914823914824,0.7770218585947929,0.7792628992628993,0.7928306429817449,0.7567403767403768,0.7695613539388877
767.8429687023163,69.73641324043274,0.763013923013923,0.7778490290983842,0.7794594594594595,0.7934448785042136,0.755053235053235,0.7704704225121414
793.9413521289825,85.68309903144836,0.7686158886158886,0.7771774649271516,0.7837346437346437,0.7930763371907324,0.7615397215397215,0.7697087704642802
