val_f1_samples,val_recall_samples,val_precision_samples,train_f1_samples,train_recall_samples,train_precision_samples,val_neg_log_loss,val_roc_auc_ovo,train_neg_log_loss,train_roc_auc_ovo
0.8392074092210017,0.8658176230719224,0.8323828378937413,0.8588303847529293,0.8848034162862611,0.8518657046090413,-5.404865720496871,0.9183511401723979,-0.5080154393977376,0.9755209859921978
0.8516380357598764,0.8811543824505588,0.8425430585832401,0.8578556516747826,0.886730771121533,0.8487851194514321,-4.761675486466178,0.9261477612903407,-0.5085965591041812,0.9761520729775752
0.8544795329508555,0.884740705845405,0.8437335610253993,0.8552483653519234,0.8869809799177829,0.8436060463012136,-4.514314267119375,0.9284135232823549,-0.5003182980499087,0.9760107609063176
