test_f1_samples,test_recall_samples,test_precision_samples,train_f1_samples,train_recall_samples,train_precision_samples,test_neg_log_loss,test_roc_auc_ovo,train_neg_log_loss,train_roc_auc_ovo
0.7518573113207547,0.7447507206498951,0.7664111635220126,0.7784103194103194,0.7703890253890253,0.7947665847665848,-8.503864517797327,0.8603147110849056,-0.7359319720873955,0.9645034807534807
0.7533497133497135,0.7457985257985257,0.7687469287469287,0.7806917110963695,0.7727267143313433,0.7969337362718361,-8.53858440100366,0.8608856908856909,-0.7358896582834513,0.9648884450793496
0.7507289107289107,0.7433906633906634,0.7656019656019656,0.7809398622474468,0.7729765034438137,0.7972285693226211,-8.611595909692783,0.8595513045513045,-0.7378692265416776,0.964825071573063
0.7582964782964783,0.7505159705159705,0.7741523341523342,0.7806720555596504,0.772784042980107,0.7967740350359942,-8.506461907004836,0.8634623259623261,-0.7345727364432906,0.9650135346309887
0.7595577395577395,0.7524160524160524,0.7741523341523342,0.7805672260304826,0.7725158268019624,0.7969828751136335,-8.256411144007862,0.8645624195624195,-0.7348234560421169,0.9653295246831032
