test_f1_samples,test_recall_samples,test_precision_samples,train_f1_samples,train_recall_samples,train_precision_samples
0.7685361621320761,0.7775431359067544,0.7718626199129097,0.9253525939187569,0.9310623745750912,0.9253102346725642
0.7732462601067137,0.7811221316573373,0.7780123735637827,0.9238504808946899,0.9291749604764128,0.9241331432924582
0.7784817183144778,0.7875307427447122,0.7828660436137073,0.9261452678637222,0.932135458884986,0.9257858236512654
0.7755841772359322,0.7853046242585128,0.7787172680496838,0.9249598446429302,0.9305593088482169,0.9250706301437168
0.7739452306079664,0.7840507075471698,0.777122641509434,0.9250513630513632,0.9301863226863227,0.9252907452907452
