fit_time,score_time,test_f1_samples,train_f1_samples,test_precision_samples,train_precision_samples,test_recall_samples,train_recall_samples
811.7095029354095,84.64279294013977,0.764354035639413,0.7824733824733825,0.7793337264150944,0.7984520884520885,0.7574276074423479,0.775020475020475
776.1306931972504,77.63528800010681,0.7601638001638001,0.7853386075690195,0.7762162162162162,0.8010122601410284,0.7527764127764128,0.7780828480872706
809.1335637569427,85.70975589752197,0.7646191646191646,0.7832461118891428,0.7801474201474201,0.7991204147318248,0.7573628173628173,0.7758552205924506
775.7271089553833,77.88075494766235,0.7617035217035216,0.7840323333579028,0.778034398034398,0.7996240878602492,0.7540212940212939,0.776821617814468
810.0688378810883,84.93057894706726,0.7675348075348075,0.7829881329697058,0.7827027027027027,0.798997567627331,0.7605569205569205,0.7754539200511044
