val_f1_samples,val_recall_samples,val_precision_samples,train_f1_samples,train_recall_samples,train_precision_samples,val_neg_log_loss,val_roc_auc_ovo,train_neg_log_loss,train_roc_auc_ovo
0.8292337032127824,0.8670488347812383,0.8170225923830912,0.8450818894288191,0.8818239827222304,0.8329809762220305,-5.145084103300659,0.9155044028130727,-0.5444623333343916,0.9737680940927885
0.8431923157133786,0.8695182544826097,0.8364790858309977,0.8604586193383643,0.8857770698758222,0.8535059406177007,-5.101304426152276,0.9203749372252289,-0.5040591325486576,0.9768573530740594
0.8532199359545963,0.8782927020767086,0.8459231342990617,0.8670121414943508,0.8920310379418186,0.8591235420231703,-4.694211366293089,0.9261918081329812,-0.4678542939486105,0.9786258817171368
