fit_time,score_time,test_f1_samples,train_f1_samples,test_precision_samples,train_precision_samples,test_recall_samples,train_recall_samples
9.883975982666016,0.482680082321167,0.7591686320754718,0.9034578214578216,0.7674921383647799,0.9071826371826373,0.7600645309224318,0.9046560196560196
9.86741304397583,0.46173787117004395,0.7522260442260443,0.9048246152838179,0.7620147420147421,0.9085034765730572,0.7516298116298117,0.9059973956413847
9.96415901184082,0.44037389755249023,0.7586044226044227,0.9042431389892139,0.7681736281736281,0.9078278174983415,0.7583456183456183,0.9056452339418359
9.838468074798584,0.43961286544799805,0.757818181818182,0.904265251468023,0.7673054873054873,0.9078032480774428,0.7578869778869779,0.9054773428990277
9.81566572189331,0.4391651153564453,0.7602358722358722,0.9015732619182164,0.7689598689598689,0.9053544957945342,0.7604422604422604,0.9028606995733112
