test_f1_samples,test_recall_samples,test_precision_samples,train_f1_samples,train_recall_samples,train_precision_samples,test_neg_log_loss,test_roc_auc_ovo,train_neg_log_loss,train_roc_auc_ovo
0.8173525848803327,0.8210391906492486,0.8232983007563108,0.8762001883933326,0.8811483802268911,0.8794077896547488,-5.823138497497497,0.9006202028989575,-0.4080379093824226,0.9850367230481495
0.8222364070837016,0.8256407738387509,0.8288896526891224,0.877285551627576,0.8823364378803888,0.8804974647564283,-5.887151069342946,0.9028978035287571,-0.4095799631215699,0.9850354512827174
0.8213805541892114,0.8257091326446957,0.8275618953926873,0.8782693574101301,0.8842859833132733,0.8807877477831544,-6.002097468876562,0.9026702269692923,-0.40597158474305345,0.9853648033194102
0.8231802838134564,0.8274997542031265,0.8289089896109854,0.877855066360164,0.8833271915817058,0.8806473406215455,-5.806358976261801,0.9036915179010352,-0.41051060982565096,0.9850114938494746
0.8221206761006289,0.825733752620545,0.8287883254716981,0.8776326196326196,0.8825737100737101,0.8808558558558559,-5.895922534396457,0.9028856997791256,-0.41051987657779093,0.9850353437853437
