test_f1_samples,test_recall_samples,test_precision_samples,train_f1_samples,train_recall_samples,train_precision_samples,test_neg_log_loss,test_roc_auc_ovo,train_neg_log_loss,train_roc_auc_ovo
0.8099920587651378,0.8121600158824697,0.8177288068294619,0.8555545776369575,0.8567202566058402,0.8633260967357077,-6.210579322178996,0.8960061615474063,-0.4580386010977051,0.9818206678904621
