val_f1_samples,val_recall_samples,val_precision_samples,train_f1_samples,train_recall_samples,train_precision_samples,val_neg_log_loss,val_roc_auc_ovo,train_neg_log_loss,train_roc_auc_ovo
0.8179126529164942,0.8283198392529992,0.8242322163780706,0.8250660187503067,0.8364526579296129,0.8301306818314622,-7.18667195126463,0.9009301980351268,-2.276089346136575,0.9389942103577797
0.8232535988530805,0.8348160804414855,0.8283599816328268,0.8230048471620014,0.8340043653953927,0.8285894070337925,-6.88504500356078,0.9043126618466865,-2.322264409842401,0.9388813861581758
0.827242897708685,0.8385888980489146,0.8321615744401635,0.8210302708443973,0.8321728526189494,0.8266877782367249,-6.756222513746128,0.9064829146827733,-2.334423656668167,0.9382688535967876
