fit_time,score_time,test_f1_samples,train_f1_samples,test_precision_samples,train_precision_samples,test_recall_samples,train_recall_samples,test_roc_auc_ovo,train_roc_auc_ovo,test_neg_log_loss,train_neg_log_loss
6044.7453508377075,1.6960687637329102,0.8050609276729559,0.8911678951678952,0.8128930817610063,0.8968918918918919,0.8083890199161425,0.8952784602784604,0.8728790874354497,0.8946936218526377,-0.7095777623289014,-0.4665618210940193
6014.931002855301,2.116295099258423,0.800950040950041,0.8871641155417966,0.8093202293202294,0.8932212967740351,0.8032432432432433,0.8906046534483182,0.8218966863744107,0.8977265453954857,-0.7146940911771404,-0.47682173654031207
6056.320241928101,1.2845723628997803,0.8029582309582309,0.8880256832346461,0.8106142506142506,0.8935775533770669,0.8057330057330057,0.8922426148415681,0.847399071318261,0.9012000346384939,-0.7410715128483758,-0.4655894086123633
6068.669073104858,0.9546849727630615,0.8001179361179361,0.877704888495778,0.8100245700245701,0.8871403651015946,0.8007043407043407,0.8788359008378173,0.8322289285935646,0.8946467168820811,-0.7088297533728313,-0.49953607051057114
6048.150484085083,1.4971928596496582,0.8038656838656838,0.8784346002964711,0.8134643734643735,0.887877447728557,0.8043570843570843,0.8794869904916341,0.8029007720453701,0.8980108938610972,-0.7086381591559758,-0.5003506689305819
