fit_time,score_time,test_f1_samples,train_f1_samples,test_precision_samples,train_precision_samples,test_recall_samples,train_recall_samples
3.0794968605041504,0.5097930431365967,0.7773224580712789,0.8231801801801802,0.7810698375262054,0.8278705978705979,0.7873837133123689,0.8307411957411959
2.8688600063323975,0.5729498863220215,0.7837280917280918,0.8336090958336113,0.7847174447174448,0.8340151347632736,0.800950040950041,0.8489922442528031
3.1334688663482666,0.4525580406188965,0.7819852579852581,0.8297511117662958,0.7836036036036036,0.830831347305144,0.7964127764127764,0.8436729646282236
2.912166118621826,0.46831274032592773,0.7661949221949222,0.8188783240379024,0.7693366093366093,0.8207906439645217,0.778034398034398,0.8311835090046927
3.0603299140930176,0.4411201477050781,0.7842850122850122,0.8258560395731472,0.7894185094185094,0.829979607380654,0.792923832923833,0.8358332719097811
