val_f1_samples,val_recall_samples,val_precision_samples,train_f1_samples,train_recall_samples,train_precision_samples,val_neg_log_loss,val_roc_auc_ovo,train_neg_log_loss,train_roc_auc_ovo
0.8315660168683039,0.8633945984279889,0.8213551208557414,0.8647274754401832,0.8955038531389584,0.8544809306434987,-5.353454102969987,0.9158510768529384,-0.4818095889807527,0.9777078322616535
0.8586244820204638,0.8847385062550325,0.8516408413362399,0.8601741242171292,0.8852461434091379,0.8535758880728352,-4.56550272259226,0.9291328945411902,-0.5011052424084084,0.976743817211475
0.8696720897757289,0.8965276959918345,0.8611539669453931,0.8846459690856929,0.9117297063393717,0.8752188194567376,-3.9961505252862266,0.9359738742982765,-0.42594659857531725,0.9817460200381958
