test_f1_samples,test_recall_samples,test_precision_samples,train_f1_samples,train_recall_samples,train_precision_samples,test_neg_log_loss,test_roc_auc_ovo,train_neg_log_loss,train_roc_auc_ovo
0.7951150836525555,0.8040303833939036,0.7985954228464788,0.8769151469409486,0.8948888069787443,0.8692427407134374,-6.227228361585697,0.8905366438884756,-0.3724475501679315,0.9875068502234002
0.7988903073750367,0.8078660512619071,0.8030541097908278,0.8787669108879145,0.8971035149370489,0.8710138516862032,-6.237088027423435,0.8925032032846527,-0.37100170433245044,0.9877505647201908
0.7983046401049352,0.8102065912444663,0.8004426955238564,0.8899266724449109,0.9113507405860823,0.8804807054604407,-6.158067127783874,0.8933001311690439,-0.3388223540241217,0.9899688298431882
0.7983351358437387,0.8097368334808115,0.8004948710385736,0.8864524657670463,0.9075584490029889,0.8775662285550504,-5.956357058969319,0.8934956294974976,-0.35395092745872697,0.9887730242569943
0.8000524109014674,0.8110750786163522,0.8023781446540881,0.8865469755469756,0.9070761670761671,0.8777518427518427,-5.942817170965124,0.8941624433775083,-0.34954992727457923,0.988976443976444
