test_f1_samples,test_recall_samples,test_precision_samples,train_f1_samples,train_recall_samples,train_precision_samples,test_neg_log_loss,test_roc_auc_ovo,train_neg_log_loss,train_roc_auc_ovo
0.8205504008825325,0.8257687685912969,0.8262809526623722,0.8787222584513116,0.8864943798164236,0.8794728316890001,-5.846143225587826,0.9027265359190186,-0.3990176648921434,0.98547645927266
0.8184764036999941,0.824466309236238,0.8235629136471652,0.8781203517598527,0.8858434356841578,0.8789168116882479,-5.776709218095696,0.9019365140152568,-0.4034510379861592,0.9856162937306198
0.8213834255878774,0.8258548266792289,0.8269196796608174,0.8755942195134974,0.8816457190063137,0.877679923683641,-5.668706394024072,0.9031369349058668,-0.4061915925186211,0.9853145684819432
