fit_time,score_time,test_f1_samples,train_f1_samples,test_precision_samples,train_precision_samples,test_recall_samples,train_recall_samples
0.845088005065918,0.7809579372406006,0.6953190513626835,0.6983292383292383,0.7102004716981132,0.7139557739557739,0.6880650550314465,0.6906674856674857
0.8997371196746826,0.7295989990234375,0.6753480753480753,0.6818603965504534,0.6897297297297297,0.696248249428761,0.6683046683046683,0.6748052873393774
1.0213189125061035,0.6597070693969727,0.6873546273546274,0.6930722422872493,0.7021130221130221,0.7083118350900469,0.68006552006552,0.6856158325348272
1.088027000427246,0.5768539905548096,0.6900573300573302,0.6930231034454517,0.7052579852579852,0.7078695855138695,0.6825880425880425,0.6857509643497703
1.199031114578247,0.5204708576202393,0.6995577395577396,0.7001809947339541,0.7141031941031941,0.7154123977297855,0.6924488124488125,0.6927204900780488
