fit_time,score_time,test_f1_samples,train_f1_samples,test_precision_samples,train_precision_samples,test_recall_samples,train_recall_samples,test_roc_auc_ovo,train_roc_auc_ovo,test_neg_log_loss,train_neg_log_loss
161.38604998588562,1.2653131484985352,0.779209250524109,0.897040131040131,0.7848778170859539,0.8972604422604422,0.7850088443396226,0.904226044226044,0.859058552543309,0.9919096331356668,-0.7139536233290954,-0.33113045922569817
162.19920992851257,1.1417829990386963,0.7758067158067159,0.8941989257313204,0.7811957411957413,0.8928302334913967,0.782145782145782,0.9037042496908347,0.8242334729900028,0.9911423805046056,-0.7194139121636913,-0.3379148794869605
160.3001570701599,1.4508860111236572,0.7786442026442026,0.8989361440750842,0.784963144963145,0.8992080456663636,0.7828337428337429,0.9057844606602621,0.7989064468156177,0.9917917477097618,-0.7525128407620527,-0.33156893113616864
162.46402406692505,1.0792529582977295,0.7794234234234234,0.9003953336819851,0.7865192465192465,0.9005859806884352,0.7835380835380835,0.9069310336355372,0.8011315127051561,0.9917523776962288,-0.7202545635491516,-0.33056565202179505
161.61403608322144,1.1615829467773438,0.7806650286650286,0.9056157506367574,0.7858886158886158,0.9061120529389122,0.7865683865683866,0.9108949002072022,0.7768863790062532,0.9931138025908974,-0.7128178807415286,-0.3256718115928254
