val_f1_samples,val_recall_samples,val_precision_samples,train_f1_samples,train_recall_samples,train_precision_samples,val_neg_log_loss,val_roc_auc_ovo,train_neg_log_loss,train_roc_auc_ovo
0.8306608300196149,0.8515355672438587,0.826245493765144,0.8667928140185539,0.8873067294949197,0.8614288519118442,-5.84724395969173,0.9113615512986117,-0.4673714261641131,0.9773194797970236
0.8579000822033874,0.8916023488285315,0.8449066163907382,0.8657751175271748,0.8993058628046683,0.8526428339674956,-4.306535952962544,0.9313293101368278,-0.4808744910750142,0.9780356680520383
0.8697208809327523,0.8990843245789659,0.8588750834216621,0.8709742839721598,0.9003314254243623,0.8601379791900237,-3.9831950049117353,0.9371253035426866,-0.45617347494375005,0.9789201581775487
