test_f1_samples,test_recall_samples,test_precision_samples,train_f1_samples,train_recall_samples,train_precision_samples,test_neg_log_loss,test_roc_auc_ovo,train_neg_log_loss,train_roc_auc_ovo
0.7977408898929378,0.7978914972334086,0.8073535671021185,0.8784461645574803,0.8796207560306344,0.8877994839660892,-7.436290561501668,0.8870748967497815,-0.4992555449310831,0.9806722287555313
0.7990441585649284,0.8011555206389734,0.8076205440439949,0.887155038950188,0.890656869731895,0.8932371660973631,-7.363540246889614,0.8884385974757182,-0.47764585122895165,0.9814488685897773
0.8056861780619773,0.8087227414330217,0.813510411542876,0.890827212956367,0.8948482392146268,0.8962974789778356,-7.147244545142165,0.8924220598224534,-0.4645398805850717,0.982659614245672
0.8086586045292171,0.8089502834857275,0.8185527480090453,0.8758555460017197,0.878950169921795,0.884023256766163,-7.335000407505739,0.8927532644165719,-0.5088466035650081,0.9808709783712855
0.8014085429769392,0.8058012316561846,0.8082661818658282,0.8976519246519247,0.9037633087633087,0.9005937755937757,-7.244698198447841,0.8903532939315663,-0.41321592356289294,0.985596018096018
