val_f1_samples,val_recall_samples,val_precision_samples,train_f1_samples,train_recall_samples,train_precision_samples,val_neg_log_loss,val_roc_auc_ovo,train_neg_log_loss,train_roc_auc_ovo
0.8208413420723568,0.8684376415893466,0.8054849426325699,0.826199054303899,0.876149806115938,0.8095174635897651,-5.332978210423212,0.9117360155456309,-0.6232881330835177,0.9666426853468527
0.8277423807559907,0.8622223531491192,0.8161682560256767,0.8502701451245828,0.8842875261776245,0.8382856974309059,-5.438290004359631,0.9129683909738997,-0.5369143734414501,0.9722834964738336
0.8474588873746807,0.8835188238527069,0.8357632170757833,0.8538805388601812,0.8897690840070023,0.8422225313090954,-4.6831666077161485,0.9243332225717988,-0.5252470351687676,0.9738797005791164
