val_f1_samples,val_recall_samples,val_precision_samples,train_f1_samples,train_recall_samples,train_precision_samples,val_neg_log_loss,val_roc_auc_ovo,train_neg_log_loss,train_roc_auc_ovo
0.8269513415751817,0.8630892579240785,0.8167721287439389,0.8410939782578716,0.8761620772591174,0.8306897083675173,-5.502701741807021,0.912719577813987,-0.566442566652449,0.9704685005597978
0.8411066970042991,0.8727488756652724,0.8315140573403698,0.8555798545710943,0.8863743621508421,0.8457643866324515,-5.0659891046521155,0.9200782475247803,-0.5224326236592873,0.9740016920354944
0.8526160752841945,0.8936373807560947,0.8361274682997684,0.8607964513080462,0.9018410338112941,0.8442866696451402,-4.257421408905706,0.9303085620068308,-0.4995637158501649,0.9759737641442369
