fit_time,score_time,test_f1_samples,train_f1_samples,test_precision_samples,train_precision_samples,test_recall_samples,train_recall_samples
699.5467391014099,80.10369896888733,0.7543632075471698,0.7644717444717445,0.769310141509434,0.7803316953316953,0.7472729952830188,0.756797706797707
706.5775380134583,80.4614999294281,0.7540868140868141,0.7650770251345175,0.77002457002457,0.7806810643473133,0.7463718263718263,0.7575223376985005
712.8942129611969,82.60822296142578,0.7518591318591318,0.7642252852100277,0.7671253071253071,0.7799316970099015,0.7445045045045044,0.7566378385461455
697.9420428276062,80.69016408920288,0.7526945126945127,0.7642130004995782,0.769041769041769,0.7796860028009139,0.7447338247338247,0.7567688754576055
698.9323198795319,80.46964812278748,0.7591154791154792,0.7634595382586832,0.7742506142506143,0.7792560379351858,0.7518099918099918,0.7557942884286217
