fit_time,score_time,test_f1_samples,train_f1_samples,test_precision_samples,train_precision_samples,test_recall_samples,train_recall_samples
53.71323013305664,0.5372390747070312,0.7602594339622643,0.9438312858312858,0.7627424004192872,0.9414782964782964,0.7714475235849056,0.9503480753480753
53.562957763671875,0.5591380596160889,0.7534938574938574,0.944901435673161,0.7572153972153971,0.9427737238233296,0.763046683046683,0.9511232320254212
53.749032735824585,0.4956049919128418,0.7583751023751023,0.9440292212312557,0.7617362817362817,0.9418605603465926,0.7676986076986075,0.9503615799775599
53.930631160736084,0.447551965713501,0.7579164619164619,0.9432184303415969,0.7612448812448813,0.9408409293792946,0.7677149877149877,0.9496613514819455
53.68320822715759,0.4701528549194336,0.7602686322686322,0.9414641736894261,0.7632760032760032,0.939088310688517,0.77009009009009,0.948105288158358
