test_f1_samples,test_recall_samples,test_precision_samples,train_f1_samples,train_recall_samples,train_precision_samples
0.7770520250139148,0.7848934289362538,0.7810955046982941,0.9817684400212966,0.9838309374616047,0.980976368923291
0.7836164849913254,0.790385937346558,0.7889783626305279,0.982003456777988,0.984096363829979,0.9812416549938974
0.7837842269224463,0.7918511231349401,0.788047220855878,0.9836129465418846,0.9858146446906242,0.9827565031563951
0.7807786844951331,0.7885983023629274,0.7845836200963524,0.9831388445317938,0.9852761740981861,0.98230766081153
0.7808241614255764,0.7893900681341719,0.7846730870020964,0.9816666666666667,0.9834971334971335,0.981048321048321
