val_f1_samples,val_recall_samples,val_precision_samples,train_f1_samples,train_recall_samples,train_precision_samples,val_neg_log_loss,val_roc_auc_ovo,train_neg_log_loss,train_roc_auc_ovo
0.6562476606977523,0.8127671729409215,0.601162685983323,0.6739759906318586,0.8281990870269473,0.6189511678622266,-7.519551425356139,0.8456600490796164,-0.8936096294945242,0.9485762785946854
0.7051807773129872,0.7952139672813684,0.6734439572093494,0.7228547733945486,0.8113809987316757,0.6912700870691315,-7.98929712610368,0.8594057298286074,-0.8623764365003544,0.9511079110384482
0.6916285777845076,0.8049895968280139,0.6531254381389819,0.6904842220517561,0.8032493460002753,0.6522651267583999,-7.592761884029466,0.8553931053047765,-0.8679122804963114,0.9507935454231259
