test_f1_samples,test_recall_samples,test_precision_samples,train_f1_samples,train_recall_samples,train_precision_samples,test_neg_log_loss,test_roc_auc_ovo,train_neg_log_loss,train_roc_auc_ovo
0.7872739779874214,0.7886366614255764,0.7951880241090147,0.8323914823914824,0.8326535626535626,0.8405323505323504,-6.819936056526548,0.8832980027702904,-0.5104434931319374,0.9789539702039702
0.7878361998361999,0.7881408681408683,0.7968222768222768,0.8321277937479014,0.8321785705510921,0.8403519979034095,-6.831523725934312,0.8832438282438282,-0.5116507273114588,0.9787610518520079
0.7874889434889435,0.7876658476658477,0.7962817362817363,0.8307437163706051,0.8312735968813216,0.8387058467031931,-6.909685167572703,0.8828872703872704,-0.5109574395849752,0.9788418286980977
0.7892317772317772,0.7895495495495496,0.7988697788697788,0.8314423069048262,0.8313923490823322,0.8397418572844236,-6.883308326386728,0.883958113958114,-0.5114933163762291,0.9787475971691347
0.7963832923832924,0.7973955773955774,0.8051597051597051,0.8295453136169582,0.829783052013464,0.8378766287478605,-6.597022947949347,0.8881449631449632,-0.5149150213577941,0.9785641064940099
