val_f1_samples,val_recall_samples,val_precision_samples,train_f1_samples,train_recall_samples,train_precision_samples,val_neg_log_loss,val_roc_auc_ovo,train_neg_log_loss,train_roc_auc_ovo
0.8103835939749893,0.8486397573035478,0.801078940135438,0.8563784212319038,0.8926201344917292,0.8473548908101994,-6.1600280590940555,0.9021007285959122,-0.580385705353493,0.9668916960589764
0.8505745820392612,0.8884601033013217,0.8402134716295442,0.8605996676963847,0.8958376348209107,0.8507077966130263,-4.589616589211185,0.9256730928393274,-0.5511112301892276,0.9704055313735872
0.8616114541447247,0.9003650924508303,0.8482105001934822,0.8679173211347048,0.9068615880883538,0.8548071789641093,-4.0431437399423125,0.9322398786390073,-0.5056207578748405,0.9726260254893642
