val_f1_samples,val_recall_samples,val_precision_samples,train_f1_samples,train_recall_samples,train_precision_samples,val_neg_log_loss,val_roc_auc_ovo,train_neg_log_loss,train_roc_auc_ovo
0.8312316901230086,0.8656698776668046,0.8200756456474204,0.8481051251306,0.8813429539095862,0.8369690276346144,-5.451731489302339,0.9156312176191321,-0.5360474687836663,0.9726191644870781
0.8442463239935695,0.8762348042970207,0.834193523046407,0.8518328901923274,0.883228131237157,0.8414309451474304,-4.969642942615751,0.9219429037154248,-0.5249473100108285,0.9746631730394231
0.8525085384524791,0.8871304911082323,0.8396439367173084,0.8667785701641252,0.9010345980606203,0.8538674494994198,-4.492617539213394,0.9279741575113145,-0.4757146803924443,0.977638852594597
