test_f1_samples,test_recall_samples,test_precision_samples,train_f1_samples,train_recall_samples,train_precision_samples,test_neg_log_loss,test_roc_auc_ovo,train_neg_log_loss,train_roc_auc_ovo
0.7881256551362684,0.792305424528302,0.7947130503144655,0.8432796302796303,0.8492547092547094,0.8467608517608517,-6.924214263014837,0.8843175585879006,-0.4537462182981564,0.9815366502866504
0.7882915642915643,0.792923832923833,0.7952825552825553,0.8452575752789507,0.8518197751079006,0.8482694937880315,-6.783884074698807,0.8848581373581373,-0.4541464297675387,0.9814982998350731
0.7886977886977887,0.7903030303030303,0.7970843570843571,0.8428070680374065,0.8489553901214547,0.8461319541698401,-6.899642827862405,0.8839575289575289,-0.45538145470111774,0.9812887285246686
0.7912334152334153,0.7947092547092547,0.7991482391482391,0.8433768446077726,0.8498050825942032,0.8465127801937707,-6.847151186629285,0.8860322335322336,-0.45662044568968246,0.9812636716152598
0.7934021294021294,0.797051597051597,0.8006552006552006,0.8424800607449683,0.8486687468776362,0.8457900297289993,-6.620249688835543,0.8873388323388325,-0.458715431214641,0.9811352183929025
