test_f1_samples,test_recall_samples,test_precision_samples,train_f1_samples,train_recall_samples,train_precision_samples,test_neg_log_loss,test_roc_auc_ovo,train_neg_log_loss,train_roc_auc_ovo
0.7805359014675053,0.77349482442348,0.7950078616352201,0.9787256347256347,0.9776699426699426,0.9808722358722358,-8.20575171318282,0.875163784067086,-0.2600335184055649,0.9978316953316954
0.7799672399672399,0.7723669123669124,0.7954791154791154,0.9781209306896637,0.9769620730039393,0.9805287339377411,-8.196867259966664,0.8747452322452323,-0.26010636275550225,0.9978137602796703
0.7793611793611793,0.771990171990172,0.7942997542997543,0.9765730571730424,0.9755616160127104,0.978722881501683,-8.091092889287248,0.8747332397332397,-0.26343262158143504,0.9976255409659995
0.7807207207207207,0.772972972972973,0.7965110565110565,0.9780545932532371,0.9769743577143886,0.9802584703078548,-8.231607654568913,0.8751240201240201,-0.25947871604538375,0.9978150764986469
0.7855200655200655,0.7784766584766584,0.7999017199017199,0.9782847268289886,0.9772569060547242,0.9803936021227979,-7.894455900332392,0.8781499356499357,-0.2620488538944544,0.9978163927176237
