fit_time,score_time,test_f1_samples,train_f1_samples,test_precision_samples,train_precision_samples,test_recall_samples,train_recall_samples
758.8476247787476,16.249125242233276,0.7689164208456244,0.9944271999790446,0.772959685349066,0.9941259675454795,0.7770239265814487,0.9951671840006286
764.2764761447906,15.162373781204224,0.7716867706573416,0.9942890855457227,0.7746584940997734,0.9940412979351032,0.7811873796707398,0.9950901343821696
