val_f1_samples,val_recall_samples,val_precision_samples,train_f1_samples,train_recall_samples,train_precision_samples,val_neg_log_loss,val_roc_auc_ovo,train_neg_log_loss,train_roc_auc_ovo
0.8225252175609719,0.8392825483127475,0.8260760790339419,0.849489356828482,0.867842242183282,0.8514001724972127,-6.7800606106444485,0.9056328991025522,-1.2802503544014718,0.9460587659203474
0.8442449212053879,0.861976865217306,0.8464072490482083,0.8458233082337143,0.8614650620889007,0.8490992860584047,-5.932267459656323,0.9183401929675422,-1.3656520853042813,0.9470440879652454
0.8485883746188774,0.8660297177403526,0.850439400822159,0.8457395418583239,0.8623207647371216,0.8486025058515765,-5.791763712809802,0.9207099884471514,-1.3935273499512177,0.9453131073439978
