fit_time,score_time,test_f1_samples,train_f1_samples,test_precision_samples,train_precision_samples,test_recall_samples,train_recall_samples
273.6250157356262,0.5908999443054199,0.7389380241090147,0.9736478296478297,0.7401565775681342,0.9711506961506962,0.7520473008385744,0.9793079443079443
273.6042490005493,0.5883910655975342,0.735010647010647,0.9736755034683833,0.7360851760851761,0.9711677845753176,0.7485176085176085,0.9794190150938141
272.5257647037506,0.7398631572723389,0.7426994266994268,0.972559115781641,0.7441769041769042,0.9697304734527408,0.7554135954135953,0.9789767655176368
274.4946129322052,0.5477039813995361,0.7419066339066339,0.9740310580879609,0.7435053235053235,0.9712844893245867,0.7543325143325142,0.980098769072013
274.0286819934845,0.5497608184814453,0.7393841113841114,0.9732775958470657,0.7403112203112202,0.9705474066976242,0.7521703521703521,0.979414920190331
