test_f1_samples,test_recall_samples,test_precision_samples,train_f1_samples,train_recall_samples,train_precision_samples,test_neg_log_loss,test_roc_auc_ovo,train_neg_log_loss,train_roc_auc_ovo
0.8038077464558163,0.8116098615067282,0.8081393445306616,0.889468110625501,0.8999180898554285,0.8874288405619037,-6.025886383511938,0.8948262636750998,-0.35511966631487535,0.9878840756927748
0.8114177223477036,0.8160987266358964,0.8177681757176994,0.8898575044496946,0.9001138606967618,0.8880581426781019,-6.048806784090231,0.8977333838376753,-0.3571680854056342,0.9879449645994263
0.805361534677816,0.813116904410559,0.8097311034595834,0.8900311253188854,0.9007311701178224,0.8878087822292092,-6.067558461162756,0.895551964022205,-0.35181139085569596,0.9879383540893945
0.812922360960902,0.8184544292596598,0.8187657719660472,0.8883711489754973,0.8990746427547804,0.8862834213651066,-5.899518043126328,0.8989552462416487,-0.35839653254968973,0.987692514667088
0.8066791142557652,0.810763888888889,0.8130077306079666,0.8882307242307242,0.8982841932841932,0.886484438984439,-6.009440958087627,0.8951822916666666,-0.35570445653149657,0.9877174252174254
