test_f1_samples,test_recall_samples,test_precision_samples,train_f1_samples,train_recall_samples,train_precision_samples,test_neg_log_loss,test_roc_auc_ovo,train_neg_log_loss,train_roc_auc_ovo
0.7855968291404611,0.7896848794549267,0.7925183438155137,0.8567286767286768,0.8604381654381655,0.8615745290745289,-6.769265836989068,0.8834193784628631,-0.44187216911796656,0.9830116317616319
0.7846683046683046,0.7882227682227682,0.7921703521703521,0.8545457523566168,0.8580174115296102,0.8594055838103897,-6.711129288611385,0.8829966654966656,-0.444028622452183,0.9827085875585911
0.788140868140868,0.7913677313677314,0.7953972153972154,0.8546374781946391,0.8585579387893828,0.8593400653546595,-6.695619192152435,0.8845103545103545,-0.44349171727162434,0.9826433128471161
0.7915806715806717,0.7937100737100737,0.8001638001638001,0.8561837137498669,0.8603269370940926,0.8606913835040908,-6.7675042397158585,0.8859512109512111,-0.4428935107005987,0.9827625525366368
0.795036855036855,0.7980016380016379,0.8024733824733824,0.8544781279505241,0.8583961901017994,0.8592806892541544,-6.44794820426085,0.8882964782964783,-0.44628272465414304,0.9825632672337913
