test_f1_samples,test_recall_samples,test_precision_samples,train_f1_samples,train_recall_samples,train_precision_samples,test_neg_log_loss,test_roc_auc_ovo,train_neg_log_loss,train_roc_auc_ovo
0.8165995481779785,0.8207281537504503,0.8224306715122942,0.8592322679163814,0.8644899045746816,0.8631629602326247,-5.844379743224843,0.9003229054120421,-0.4490935796468753,0.9824841494119048
0.8215882680284133,0.825100657959344,0.8281367638875251,0.8594798684224385,0.8644013302861262,0.8637132512553345,-5.942290581369461,0.9024830716927841,-0.4529767780408879,0.982207510827298
0.8198098048860469,0.8239547466797835,0.825889490080341,0.8589756366303245,0.8647376221004971,0.8624880253494142,-6.057800645061911,0.9016545452416087,-0.44962382493065184,0.9824278216604615
0.8200209746665355,0.8243371677645595,0.8256480844230327,0.8593468685840632,0.8648835114441304,0.8632313802563159,-5.916152669182834,0.901960405635069,-0.45232371516246916,0.982242831211017
0.8190841194968553,0.8228183962264151,0.8256682389937107,0.8581270621270622,0.8630569205569205,0.8622174447174448,-5.944620576295634,0.9012689170597484,-0.4552265355984825,0.9822328497328496
