{
    "avg_f1_samples": 0.7787031484529127,
    "avg_precision_samples": 0.7816292009204745,
    "avg_recall_samples": 0.7911409523266835
}