{
    "avg_f1_samples": 0.8403848536716335,
    "avg_precision_samples": 0.8250404559726102,
    "avg_recall_samples": 0.8808276691535282,
    "avg_roc_auc_ovo": 0.9227363897868942,
    "avg_neg_log_loss": -4.771435719515066
}