{
    "avg_f1_samples": 0.7640026752739016,
    "avg_precision_samples": 0.7796112257197163,
    "avg_recall_samples": 0.7566485142410849
}