{
    "f1_samples": 0.06358672252610455,
    "recall_samples": 0.12131784469428937,
    "precision_samples": 0.043770474618025516,
    "log_loss": 3.0049172073293824,
    "roc_auc_ovo": 0.542085226358017
}