{
    "avg_f1_samples": 0.8201367433901346,
    "avg_precision_samples": 0.8255878486567849,
    "avg_recall_samples": 0.8253633015022546,
    "avg_roc_auc_ovo": 0.9025999949467142,
    "avg_neg_log_loss": -5.763852945902531
}