{
    "f1_samples": 0.8142739209057316,
    "recall_samples": 0.8193188667872213,
    "precision_samples": 0.8203999266189691,
    "log_loss": 1.3311960865186099,
    "roc_auc_ovo": 0.9205864835385631
}