{
    "f1_samples": 0.8502055417654129,
    "recall_samples": 0.8898203475115967,
    "precision_samples": 0.8366322037896062,
    "log_loss": 0.5715035092595802,
    "roc_auc_ovo": 0.9724822615709283
}