{
    "f1_samples": 0.8256270147024137,
    "recall_samples": 0.8353709673192335,
    "precision_samples": 0.8283948554655766,
    "log_loss": 1.283522488978952,
    "roc_auc_ovo": 0.928204359619467
}