{
    "avg_f1_samples": 0.7580626976032636,
    "avg_precision_samples": 0.7612429927783702,
    "avg_recall_samples": 0.7679995784270549
}