{
    "avg_f1_samples": 0.8320142034010094,
    "avg_precision_samples": 0.8191388052446765,
    "avg_recall_samples": 0.8713929395303909,
    "avg_roc_auc_ovo": 0.9163458763637765,
    "avg_neg_log_loss": -5.1514782741663305
}