{
    "f1_samples": 0.850126919232195,
    "recall_samples": 0.8971453468564091,
    "precision_samples": 0.832429174201326,
    "log_loss": 0.5709110746166608,
    "roc_auc_ovo": 0.9725851026523249
}