{
    "f1_samples": 0.8499700017596472,
    "recall_samples": 0.8885329035301516,
    "precision_samples": 0.8369109861886417,
    "log_loss": 0.5724488736010843,
    "roc_auc_ovo": 0.9723569881080298
}