{
    "avg_f1_samples": 0.8324767991114547,
    "avg_precision_samples": 0.8158780442905247,
    "avg_recall_samples": 0.8786954276404976,
    "avg_roc_auc_ovo": 0.918752193017117,
    "avg_neg_log_loss": -4.864001896984905
}