{
    "avg_f1_samples": 0.7473752931533592,
    "avg_precision_samples": 0.7451375048934011,
    "avg_recall_samples": 0.7667138097574419
}