{
    "avg_f1_samples": 0.8228030498260864,
    "avg_precision_samples": 0.828251257483687,
    "avg_recall_samples": 0.833908272581133,
    "avg_roc_auc_ovo": 0.9039085915215287,
    "avg_neg_log_loss": -6.942646489523845
}