{
    "avg_f1_samples": 0.7147905760176986,
    "avg_precision_samples": 0.7052617060134748,
    "avg_recall_samples": 0.7469976001408785
}