{
    "avg_f1_samples": 0.7812210214073422,
    "avg_precision_samples": 0.7962399015653732,
    "avg_recall_samples": 0.7738603080460391,
    "avg_roc_auc_ovo": 0.8755832423639027,
    "avg_neg_log_loss": -8.123955083467607
}