{
    "avg_f1_samples": 0.7725038702784626,
    "avg_precision_samples": 0.7763399753528548,
    "avg_recall_samples": 0.7813785288107725
}