{
    "f1_samples": 0.8144187174044082,
    "recall_samples": 0.819191105170742,
    "precision_samples": 0.820711140812957,
    "log_loss": 1.2743042324004468,
    "roc_auc_ovo": 0.9274784817614443
}