{
    "avg_f1_samples": 0.7421919501527992,
    "avg_precision_samples": 0.737321138623615,
    "avg_recall_samples": 0.7666286832501454
}