{
    "avg_f1_samples": 0.7812111165696792,
    "avg_precision_samples": 0.7854755590566298,
    "avg_recall_samples": 0.7890237719829702
}