{
    "avg_f1_samples": 0.8080376957396005,
    "avg_precision_samples": 0.8134824252563917,
    "avg_recall_samples": 0.8140087621403465,
    "avg_roc_auc_ovo": 0.8964498298886591,
    "avg_neg_log_loss": -6.0102421259957755
}