{
    "f1_samples": 0.8156309253605272,
    "recall_samples": 0.8771663977119166,
    "precision_samples": 0.7908015288874896,
    "log_loss": 0.6452355239073236,
    "roc_auc_ovo": 0.9673547139343966
}