{
    "f1_samples": 0.8223803720717788,
    "recall_samples": 0.8533689755483922,
    "precision_samples": 0.8131601016851429,
    "log_loss": 0.6030558012075913,
    "roc_auc_ovo": 0.970038691958163
}