{
    "avg_f1_samples": 0.7768846374047387,
    "avg_precision_samples": 0.7766663884989712,
    "avg_recall_samples": 0.7929446318406121
}