{
    "avg_f1_samples": 0.7703015957514829,
    "avg_precision_samples": 0.7738090897244196,
    "avg_recall_samples": 0.7791056531260943
}