{
    "avg_f1_samples": 0.8532875295548322,
    "avg_precision_samples": 0.8447166430457914,
    "avg_recall_samples": 0.8815536002249521,
    "avg_roc_auc_ovo": 0.9269859485641351,
    "avg_neg_log_loss": -4.638369116949492
}