{
    "avg_f1_samples": 0.8426621841896859,
    "avg_precision_samples": 0.8313043684703786,
    "avg_recall_samples": 0.8763450576906858,
    "avg_roc_auc_ovo": 0.9218494262819572,
    "avg_neg_log_loss": -4.971330657043828
}