{
    "f1_samples": 0.7706167937730954,
    "recall_samples": 0.7693935581937783,
    "precision_samples": 0.7793360327069738,
    "log_loss": 1.8333198831214075,
    "roc_auc_ovo": 0.8502155255791548
}