{
    "f1_samples": 0.8500699178956117,
    "recall_samples": 0.8931061142123331,
    "precision_samples": 0.8346273291925466,
    "log_loss": 0.571901382532685,
    "roc_auc_ovo": 0.9724688458212123
}