{
    "f1_samples": 0.8320381986953651,
    "recall_samples": 0.8633409335115445,
    "precision_samples": 0.823008650350619,
    "log_loss": 0.5840306263803078,
    "roc_auc_ovo": 0.9710478605311138
}