{
    "avg_f1_samples": 0.7747118544164034,
    "avg_precision_samples": 0.7763189283290759,
    "avg_recall_samples": 0.7871249679704708
}