{
    "avg_f1_samples": 0.7636750659321414,
    "avg_precision_samples": 0.7792868927031662,
    "avg_recall_samples": 0.7564290104319584
}