{
    "avg_f1_samples": 0.8099920587651378,
    "avg_precision_samples": 0.8177288068294619,
    "avg_recall_samples": 0.8121600158824697,
    "avg_roc_auc_ovo": 0.8960061615474063,
    "avg_neg_log_loss": -6.210579322178996
}