{
    "avg_f1_samples": 0.8384528377950792,
    "avg_precision_samples": 0.840974242968103,
    "avg_recall_samples": 0.8557630437568021,
    "avg_roc_auc_ovo": 0.9148943601724152,
    "avg_neg_log_loss": -6.168030594370191
}