{
    "f1_samples": 0.8103921803827341,
    "recall_samples": 0.8251509863860791,
    "precision_samples": 0.8103879945596796,
    "log_loss": 1.2636638517161742,
    "roc_auc_ovo": 0.9271879619893947
}