{
    "avg_f1_samples": 0.7544238290606214,
    "avg_precision_samples": 0.7699504803903389,
    "avg_recall_samples": 0.7469386285406332
}