{
    "avg_f1_samples": 0.8416558092073835,
    "avg_precision_samples": 0.8443273270119566,
    "avg_recall_samples": 0.8578512956831332,
    "avg_roc_auc_ovo": 0.9165426311579982,
    "avg_neg_log_loss": -6.090780066159501
}