{
    "f1_samples": 0.20641792306722725,
    "recall_samples": 0.35967188196137007,
    "precision_samples": 0.15805122819628678,
    "log_loss": 12.56767254452831,
    "roc_auc_ovo": 0.5957916119116882
}