{
    "avg_f1_samples": 0.6895273647360912,
    "avg_precision_samples": 0.7042808805804088,
    "avg_recall_samples": 0.6822944196876979
}