{
    "avg_f1_samples": 0.8114351473203827,
    "avg_precision_samples": 0.8197546126354217,
    "avg_recall_samples": 0.8129572960576956,
    "avg_roc_auc_ovo": 0.896376515663948,
    "avg_neg_log_loss": -6.289218013575272
}