{
    "f1_samples": 0.8503702746921553,
    "recall_samples": 0.8919988468695127,
    "precision_samples": 0.8357395104436932,
    "log_loss": 0.5710714341006129,
    "roc_auc_ovo": 0.9727471758286877
}