{
    "f1_samples": 0.4337149178144933,
    "recall_samples": 0.8413872290798544,
    "precision_samples": 0.29615774488111146,
    "log_loss": 7.4776792375155825,
    "roc_auc_ovo": 0.7860778681312922
}