{
    "f1_samples": 0.43370574518561783,
    "recall_samples": 0.8415575779018267,
    "precision_samples": 0.2961357960905881,
    "log_loss": 7.466803832713038,
    "roc_auc_ovo": 0.7860637113954002
}