{
    "f1_samples": 0.8333771061167083,
    "recall_samples": 0.8684939853762088,
    "precision_samples": 0.8224695712076796,
    "log_loss": 0.5827308159767377,
    "roc_auc_ovo": 0.9709358702204051
}