{
    "f1_samples": 0.8334749016175396,
    "recall_samples": 0.8898674031216244,
    "precision_samples": 0.8113118431928209,
    "log_loss": 0.6116276216232666,
    "roc_auc_ovo": 0.970249934245093
}