{
    "avg_f1_samples": 0.7576106305919986,
    "avg_precision_samples": 0.7667891729637013,
    "avg_recall_samples": 0.7576738398454199
}