{
    "avg_f1_samples": 0.7896428381855268,
    "avg_precision_samples": 0.7984643042485023,
    "avg_recall_samples": 0.7902777008354839,
    "avg_roc_auc_ovo": 0.8843064357008933,
    "avg_neg_log_loss": -6.808295244873928
}