{
    "f1_samples": 0.8271045567373896,
    "recall_samples": 0.8368680713892601,
    "precision_samples": 0.8298870456272768,
    "log_loss": 1.2616926036245348,
    "roc_auc_ovo": 0.9300301261579664
}