{
    "f1_samples": 0.8033723364577067,
    "recall_samples": 0.8138220875261848,
    "precision_samples": 0.806478310876705,
    "log_loss": 1.2531879534133403,
    "roc_auc_ovo": 0.9253843199901373
}