{
    "f1_samples": 0.7869895872965893,
    "recall_samples": 0.7940189274172035,
    "precision_samples": 0.7923323843385243,
    "log_loss": 1.2265983441257127,
    "roc_auc_ovo": 0.9240614801611772
}