{
    "f1_samples": 0.8312619103778001,
    "recall_samples": 0.8851079094268419,
    "precision_samples": 0.8107309930025944,
    "log_loss": 0.5989709754570919,
    "roc_auc_ovo": 0.9704013851917579
}