{
    "avg_f1_samples": 0.7934434674963173,
    "avg_precision_samples": 0.7968811666703433,
    "avg_recall_samples": 0.8028565343285143
}