{
    "avg_f1_samples": 0.8212541012134663,
    "avg_precision_samples": 0.8274894327841608,
    "avg_recall_samples": 0.8251245207912735,
    "avg_roc_auc_ovo": 0.9025530902154335,
    "avg_neg_log_loss": -5.882933709275052
}