{
    "f1_samples": 0.8112841118836087,
    "recall_samples": 0.8195907697146002,
    "precision_samples": 0.8151436826794558,
    "log_loss": 1.2341114720212525,
    "roc_auc_ovo": 0.9282476098125914
}