{
    "avg_f1_samples": 0.778749724212696,
    "avg_precision_samples": 0.7846889131305405,
    "avg_recall_samples": 0.7840189678851235,
    "avg_roc_auc_ovo": 0.8120432728120678,
    "avg_neg_log_loss": -0.7237905641091039
}