{
    "avg_f1_samples": 0.7600879344181231,
    "avg_precision_samples": 0.7755621706612272,
    "avg_recall_samples": 0.7527698065239339
}