{
    "f1_samples": 0.8036592237335222,
    "recall_samples": 0.808765429672144,
    "precision_samples": 0.8097907985428623,
    "log_loss": 1.2970945469982986,
    "roc_auc_ovo": 0.9203471060043904
}