{
    "avg_f1_samples": 0.7395877686219668,
    "avg_precision_samples": 0.7408470403293517,
    "avg_recall_samples": 0.7524962742545289
}