{
    "avg_f1_samples": 0.8484416593105779,
    "avg_precision_samples": 0.8395531525007937,
    "avg_recall_samples": 0.8772375704559621,
    "avg_roc_auc_ovo": 0.9243041415816978,
    "avg_neg_log_loss": -4.893618491360808
}