{
    "avg_f1_samples": 0.7890047057134322,
    "avg_precision_samples": 0.7965446188040527,
    "avg_recall_samples": 0.7921974181514275,
    "avg_roc_auc_ovo": 0.8850348175435144,
    "avg_neg_log_loss": -6.67829335234592
}