{
    "avg_f1_samples": 0.82650121073181,
    "avg_precision_samples": 0.8175669015741917,
    "avg_recall_samples": 0.8629013627465189,
    "avg_roc_auc_ovo": 0.9106574443279172,
    "avg_neg_log_loss": -5.557585171277914
}