{
    "f1_samples": 0.8501374022366238,
    "recall_samples": 0.8883592787692952,
    "precision_samples": 0.8373420997457872,
    "log_loss": 0.5702444378575279,
    "roc_auc_ovo": 0.9726409886097165
}