{
    "f1_samples": 0.8346890260415302,
    "recall_samples": 0.8678617291715807,
    "precision_samples": 0.824452824608104,
    "log_loss": 0.5783629211270448,
    "roc_auc_ovo": 0.9711141748939532
}