{
    "f1_samples": 0.850383752840707,
    "recall_samples": 0.8923428204523416,
    "precision_samples": 0.8355986450716777,
    "log_loss": 0.5713457766700705,
    "roc_auc_ovo": 0.9727156644165645
}