{
    "avg_f1_samples": 0.840856543386325,
    "avg_precision_samples": 0.8298343039861548,
    "avg_recall_samples": 0.8791549843518999,
    "avg_roc_auc_ovo": 0.9200045666914156,
    "avg_neg_log_loss": -4.930929462749185
}