{
    "f1_samples": 0.8501465748654993,
    "recall_samples": 0.8886049741856016,
    "precision_samples": 0.837219252037634,
    "log_loss": 0.5702299457544996,
    "roc_auc_ovo": 0.9726740209934642
}