{
    "avg_f1_samples": 0.8402247046212251,
    "avg_precision_samples": 0.8281378847946922,
    "avg_recall_samples": 0.8764918381151485,
    "avg_roc_auc_ovo": 0.9210354624485326,
    "avg_neg_log_loss": -4.942037418454948
}