{
    "avg_f1_samples": 0.7739587096794331,
    "avg_precision_samples": 0.7777161893299034,
    "avg_recall_samples": 0.7831102684228973
}