{
    "avg_f1_samples": 0.6711275357802535,
    "avg_precision_samples": 0.6828961074178554,
    "avg_recall_samples": 0.6674907923595215
}